environment,module,affected_users_count,frequency_last_24h,is_crash,is_payment_related,has_workaround,customer_tier,days_since_release,sla_breach_risk,high_priority
dev,ui,26,28,1,1,1,pro,30,0,0
prod,integrations,15,13,0,0,1,pro,74,0,0
dev,search,8,11,0,0,0,free,9,0,0
staging,search,6,8,0,0,1,pro,11,1,0
prod,notifications,23,9,1,0,0,free,18,0,1
dev,ui,15,34,0,0,0,pro,24,0,0
dev,reporting,12,33,0,0,0,pro,41,1,0
dev,search,115,191,0,0,0,free,85,0,0
prod,payments,22,29,0,1,1,free,58,1,1
prod,reporting,87,116,0,0,1,pro,34,0,0
prod,auth,14,8,0,0,0,free,19,0,0
dev,payments,31,32,0,1,1,enterprise,58,0,0
staging,ui,23,36,0,0,1,pro,22,0,0
dev,reporting,4,5,0,0,1,pro,87,1,0
prod,notifications,102,174,0,1,1,free,42,0,0
prod,payments,21,51,0,1,0,pro,49,0,1
staging,auth,51,47,0,0,0,enterprise,81,0,0
prod,integrations,11,5,0,0,1,free,27,1,0
dev,auth,20,9,0,0,0,free,42,0,0
staging,payments,10,7,0,1,1,free,47,0,0
dev,payments,84,148,0,1,1,free,24,1,0
prod,ui,33,77,0,0,1,pro,4,0,0
dev,notifications,35,88,1,0,0,free,25,0,0
dev,reporting,95,182,1,0,1,pro,10,0,0
dev,reporting,77,105,0,0,1,free,60,0,0
prod,auth,52,40,0,0,0,free,0,1,1
prod,payments,5,6,0,1,0,free,28,0,1
prod,search,12,14,0,0,0,enterprise,79,1,1
prod,auth,8,19,0,0,0,pro,51,0,0
staging,payments,50,78,1,1,1,free,60,0,1
staging,payments,29,27,1,1,1,pro,60,0,1
dev,auth,6,6,0,0,0,free,26,0,0
prod,ui,20,14,0,0,0,free,56,0,0
prod,reporting,5,13,0,0,0,free,19,0,0
prod,auth,23,11,0,0,0,enterprise,57,0,1
prod,search,4,1,0,0,0,pro,61,1,1
prod,notifications,41,34,1,0,1,pro,78,0,0
prod,reporting,35,82,1,0,1,free,82,0,0
prod,notifications,165,273,0,0,1,free,2,0,0
staging,search,57,108,0,0,1,pro,26,0,0
prod,notifications,16,20,0,0,0,free,49,0,1
dev,payments,55,31,0,1,1,enterprise,28,1,0
staging,search,6,14,0,1,0,pro,55,0,0
prod,auth,9,7,0,0,0,free,76,0,0
dev,search,34,16,0,1,0,pro,23,0,1
dev,search,2,3,0,0,0,enterprise,80,0,0
prod,payments,23,13,0,1,0,free,79,0,0
prod,reporting,8,5,0,0,0,pro,82,0,0
staging,payments,27,62,0,1,0,enterprise,6,0,1
prod,payments,8,12,1,1,1,free,26,0,1
prod,auth,37,36,0,0,0,enterprise,11,1,1
prod,search,25,30,0,0,0,free,10,0,1
dev,payments,99,212,0,0,1,pro,4,0,0
staging,search,24,13,0,0,1,pro,39,0,0
staging,payments,11,7,0,1,0,pro,7,0,1
dev,reporting,19,35,0,0,1,free,26,0,0
prod,integrations,6,11,0,0,0,pro,88,0,0
staging,search,36,98,1,0,0,free,79,0,0
prod,ui,44,57,0,0,0,free,84,0,1
prod,notifications,289,160,0,0,0,free,3,0,1
staging,integrations,13,21,0,0,1,pro,59,1,0
prod,ui,18,34,0,0,0,free,57,1,0
staging,notifications,13,9,0,1,1,free,11,1,1
dev,integrations,30,51,1,0,1,enterprise,81,0,0
staging,notifications,35,30,1,0,1,free,36,0,0
staging,search,23,55,0,0,0,free,87,0,0
staging,auth,72,173,0,0,0,free,10,0,0
prod,auth,13,18,0,0,1,free,58,1,1
prod,search,65,176,0,0,1,pro,11,0,0
prod,search,42,115,0,0,0,free,85,0,1
prod,search,24,17,0,1,0,free,54,1,1
prod,ui,17,21,1,0,1,enterprise,6,0,1
dev,ui,277,509,0,0,1,pro,19,0,0
prod,notifications,10,6,0,0,1,pro,32,0,0
prod,auth,33,43,1,0,1,enterprise,1,0,1
prod,payments,11,11,0,1,0,enterprise,0,1,1
prod,notifications,146,391,0,0,0,free,83,0,0
staging,notifications,59,81,0,0,1,pro,88,0,0
staging,integrations,12,26,1,1,1,pro,48,0,0
dev,notifications,40,53,0,0,0,free,81,1,0
staging,notifications,31,22,0,0,1,free,58,1,0
prod,payments,14,34,0,1,0,free,2,1,1
dev,search,52,20,0,0,0,pro,64,1,0
prod,payments,36,19,0,1,1,pro,1,0,1
prod,ui,30,38,0,0,0,pro,73,0,0
prod,integrations,23,47,0,0,0,free,33,1,1
staging,payments,37,45,0,1,1,free,12,0,0
prod,ui,30,16,0,0,0,free,23,0,0
prod,payments,26,30,0,1,0,free,61,0,0
staging,auth,12,11,0,0,1,enterprise,76,0,0
prod,payments,133,54,1,0,0,enterprise,51,0,1
staging,auth,8,13,0,0,1,enterprise,14,1,1
prod,integrations,37,25,0,0,0,enterprise,81,0,1
prod,search,17,18,0,0,0,enterprise,71,0,1
prod,notifications,142,275,0,0,1,free,36,0,1
staging,reporting,9,19,0,0,0,free,49,0,0
prod,payments,11,11,0,1,1,free,86,0,0
prod,auth,9,10,0,0,1,free,33,0,1
prod,notifications,33,32,0,0,1,free,2,0,1
dev,payments,6,16,1,1,0,free,13,0,1
dev,integrations,15,12,0,0,0,enterprise,54,0,0
staging,auth,2,1,0,0,1,free,89,0,0
prod,ui,31,45,0,0,0,enterprise,66,0,1
dev,notifications,14,11,0,0,1,pro,55,0,0
dev,payments,5,3,0,1,1,pro,29,0,0
staging,payments,72,45,0,1,0,pro,39,0,0
prod,integrations,6,11,0,0,0,free,3,1,1
prod,payments,54,100,0,1,1,pro,33,0,1
prod,search,12,23,0,0,1,free,56,0,0
dev,search,121,272,0,0,0,enterprise,81,0,0
prod,payments,51,60,0,0,1,free,83,0,0
prod,reporting,8,20,1,0,1,free,73,0,0
prod,reporting,9,19,0,1,0,pro,1,0,1
staging,search,44,102,0,0,0,pro,73,0,0
prod,notifications,18,38,0,0,1,free,19,0,0
dev,payments,20,25,0,1,1,pro,55,1,0
dev,auth,87,93,1,0,1,free,85,0,0
staging,ui,11,15,1,0,0,pro,79,1,0
prod,integrations,26,16,1,0,1,free,59,1,1
staging,auth,63,93,0,0,1,free,26,0,0
staging,payments,55,27,0,0,1,free,46,0,0
staging,ui,20,8,1,0,0,free,63,0,0
prod,notifications,18,47,0,0,0,free,46,0,1
prod,auth,4,8,0,0,0,free,36,0,0
prod,search,8,13,0,0,0,free,36,0,0
prod,reporting,33,40,0,0,0,free,53,0,0
prod,search,21,37,0,0,1,free,3,0,0
prod,payments,26,66,0,1,0,free,89,0,1
prod,payments,69,135,1,1,1,pro,9,0,1
staging,search,7,12,1,0,0,enterprise,88,1,1
prod,search,19,28,1,0,1,free,3,0,0
dev,notifications,29,35,0,0,0,enterprise,46,0,0
staging,ui,12,24,0,1,1,free,37,0,1
prod,reporting,102,280,0,0,1,free,51,1,1
staging,integrations,60,85,1,0,1,pro,39,0,0
prod,search,32,42,0,0,0,pro,80,0,0
dev,search,147,209,1,0,0,pro,1,1,1
prod,integrations,5,7,0,0,1,free,88,0,0
dev,payments,24,66,0,0,0,pro,62,0,0
prod,reporting,35,73,0,0,1,free,70,0,0
prod,reporting,9,11,0,0,0,free,12,0,1
prod,auth,33,42,1,0,0,free,5,0,1
dev,search,8,11,0,0,1,enterprise,35,0,0
staging,payments,48,23,0,1,1,free,29,0,0
prod,payments,70,116,0,1,1,pro,70,0,1
prod,search,32,75,1,0,0,pro,80,1,1
prod,payments,3,5,0,1,1,pro,38,1,0
staging,notifications,9,7,0,0,1,pro,69,0,0
prod,integrations,43,92,0,0,0,enterprise,5,0,1
prod,notifications,25,53,0,0,0,free,66,0,0
dev,payments,1,1,0,1,0,free,8,0,1
dev,payments,85,161,1,0,1,pro,60,0,0
prod,payments,28,52,0,1,0,free,34,0,1
staging,auth,10,24,0,0,1,free,37,0,0
prod,integrations,66,47,0,0,0,free,24,0,1
staging,search,12,10,0,0,1,free,36,0,0
prod,payments,12,18,0,1,1,free,78,0,0
staging,notifications,35,17,1,0,0,free,72,0,0
staging,search,145,202,0,0,0,enterprise,30,0,0
dev,auth,124,284,0,0,0,free,26,0,0
prod,auth,35,26,0,0,0,enterprise,45,0,1
dev,ui,38,57,0,0,0,enterprise,61,0,0
prod,notifications,54,149,0,0,1,free,16,0,0
prod,payments,6,9,1,1,0,pro,65,0,1
staging,integrations,46,73,0,1,0,pro,85,1,1
prod,notifications,11,19,0,0,0,pro,76,0,0
dev,notifications,33,27,1,0,0,free,49,0,0
dev,payments,19,14,0,1,1,free,28,0,0
prod,auth,40,81,0,0,0,free,29,0,1
dev,notifications,27,36,1,0,0,pro,66,0,0
prod,payments,1,1,1,1,0,enterprise,40,0,1
staging,ui,29,13,0,0,1,pro,9,0,0
prod,reporting,46,111,0,0,1,pro,60,0,0
dev,auth,38,18,1,0,0,enterprise,12,0,0
prod,notifications,22,48,0,0,1,pro,88,0,0
prod,integrations,126,165,0,0,1,free,37,0,1
prod,reporting,33,60,1,0,1,enterprise,30,0,1
dev,search,38,37,0,0,0,free,4,0,0
dev,notifications,69,53,0,0,1,free,15,0,0
staging,ui,35,58,0,0,1,free,85,0,0
dev,reporting,9,18,0,0,0,enterprise,48,0,0
dev,notifications,2,1,0,0,0,free,81,0,0
staging,reporting,15,21,0,0,0,free,86,1,0
prod,payments,52,76,0,1,0,free,4,0,1
dev,auth,17,15,0,0,0,free,34,0,0
staging,payments,54,94,0,0,1,free,75,0,0
prod,ui,28,21,0,0,1,pro,44,0,0
prod,ui,88,142,0,0,0,enterprise,45,0,1
staging,ui,18,12,0,0,0,free,51,0,0
prod,search,39,61,0,0,1,free,63,0,0
dev,notifications,40,45,0,0,0,free,84,1,0
prod,integrations,110,163,0,0,0,free,79,0,0
prod,payments,4,5,0,1,1,pro,56,0,1
dev,reporting,15,38,0,0,0,pro,51,0,0
prod,ui,57,89,0,0,0,pro,32,0,1
prod,ui,115,271,1,0,1,free,10,1,1
staging,payments,31,29,0,1,1,pro,63,0,0
dev,notifications,18,22,0,0,0,free,0,0,0
prod,integrations,52,30,1,0,1,free,62,0,0
prod,reporting,58,81,1,1,1,enterprise,44,0,1
dev,integrations,17,34,0,0,0,pro,70,1,0
dev,integrations,34,81,0,0,1,enterprise,85,0,0
staging,payments,79,138,0,1,0,enterprise,49,0,1
prod,ui,162,313,0,0,0,pro,51,0,1
prod,search,51,42,1,0,0,enterprise,43,0,1
prod,integrations,25,12,0,0,0,free,33,1,0
prod,auth,23,52,1,0,0,free,7,1,1
staging,search,42,33,0,0,1,free,2,0,0
prod,notifications,21,12,0,0,0,free,65,0,0
staging,payments,29,76,0,1,1,free,82,1,0
staging,notifications,8,21,1,1,0,free,4,0,1
staging,search,89,167,0,0,1,pro,29,0,0
prod,integrations,7,9,0,0,0,pro,54,1,0
dev,notifications,15,35,0,0,0,pro,63,0,0
staging,payments,27,24,0,1,1,free,66,1,0
staging,reporting,179,256,0,0,1,pro,62,0,1
prod,payments,16,20,0,1,0,free,7,1,1
prod,ui,12,31,0,0,0,free,22,0,1
dev,ui,14,36,0,0,1,free,42,0,0
prod,notifications,128,251,0,0,1,free,5,0,0
prod,auth,1,1,0,0,0,free,30,0,0
prod,payments,9,14,1,1,1,pro,34,0,1
staging,reporting,376,371,1,0,0,pro,88,1,1
dev,ui,44,111,0,0,0,pro,28,1,0
prod,search,8,5,0,1,1,free,87,1,0
dev,auth,23,12,0,0,1,pro,63,0,0
prod,payments,26,54,1,1,0,pro,62,0,1
staging,notifications,57,84,0,0,0,free,73,0,1
staging,auth,154,371,0,0,0,pro,75,0,0
prod,search,36,20,1,1,1,free,20,0,1
prod,integrations,14,32,0,0,0,free,37,0,1
prod,auth,53,25,0,0,0,free,47,0,0
dev,reporting,12,5,0,0,0,free,87,0,0
staging,payments,8,12,0,1,1,free,3,0,0
dev,notifications,4,3,0,0,0,free,42,0,0
dev,reporting,5,9,1,0,1,free,19,0,0
prod,notifications,10,4,0,0,0,enterprise,18,1,1
dev,payments,7,3,0,1,0,free,68,1,1
prod,ui,33,70,1,0,0,free,18,0,1
prod,reporting,7,6,1,0,0,free,71,1,0
dev,payments,1,1,0,1,0,enterprise,89,1,1
dev,payments,8,17,0,0,0,pro,69,0,0
prod,auth,15,8,0,0,0,enterprise,15,0,1
staging,integrations,13,29,0,0,0,free,12,0,0
staging,reporting,112,116,0,0,0,free,39,0,1
dev,ui,13,17,0,0,0,pro,49,0,0
staging,reporting,59,35,1,0,0,free,70,0,0
prod,ui,24,57,0,0,0,pro,38,1,1
prod,search,23,40,0,0,1,enterprise,15,0,0
prod,search,10,16,0,0,1,free,89,0,0
staging,ui,23,62,1,0,1,enterprise,81,1,0
dev,payments,11,13,0,1,0,pro,58,1,1
prod,notifications,29,73,0,0,1,free,62,0,0
prod,notifications,19,40,0,0,1,free,84,0,0
prod,payments,9,23,0,1,0,free,42,1,1
staging,ui,66,170,0,0,0,pro,13,0,0
dev,auth,37,102,1,0,1,free,54,1,0
prod,integrations,15,10,0,0,1,free,40,0,0
prod,integrations,28,64,0,0,1,pro,71,0,0
staging,integrations,22,51,0,0,1,free,69,0,0
prod,payments,10,19,0,1,1,free,42,0,1
dev,auth,26,27,0,0,1,pro,33,0,0
prod,payments,13,35,0,1,0,free,37,0,1
prod,auth,9,8,0,0,0,free,56,0,0
dev,auth,4,6,0,0,1,free,57,0,0
prod,auth,17,28,0,0,0,free,46,0,1
prod,integrations,43,33,0,0,0,free,47,1,0
prod,auth,12,25,0,0,0,pro,89,0,0
prod,auth,305,187,0,0,0,enterprise,22,0,1
prod,notifications,59,121,0,0,0,free,15,0,0
prod,ui,90,219,0,1,1,enterprise,71,1,1
prod,reporting,54,66,0,0,0,pro,84,0,0
prod,ui,156,328,1,0,1,pro,54,0,1
staging,notifications,11,8,0,0,0,pro,36,0,0
staging,ui,1,2,0,0,1,pro,31,1,0
prod,ui,15,40,1,0,1,pro,42,1,1
prod,reporting,42,32,0,0,1,free,4,0,0
staging,search,28,57,0,0,0,free,47,0,1
dev,payments,32,51,0,0,0,free,24,0,0
dev,search,91,152,1,0,1,free,23,0,0
prod,auth,35,73,0,0,1,pro,50,0,1
prod,notifications,54,84,0,0,0,free,86,0,0
prod,payments,9,16,0,1,1,free,18,1,1
prod,auth,8,7,0,0,1,free,82,1,0
staging,payments,123,160,1,0,0,free,46,0,1
prod,notifications,27,66,0,0,1,pro,87,0,0
prod,payments,13,8,0,0,0,pro,34,0,1
prod,reporting,13,23,1,0,0,free,89,0,0
staging,notifications,12,10,0,0,1,free,59,0,0
prod,auth,12,29,0,0,0,free,60,0,0
dev,reporting,6,10,0,0,1,free,50,0,0
prod,payments,5,6,0,1,1,pro,40,0,0
dev,payments,20,19,0,1,1,pro,47,0,0
prod,reporting,13,18,0,0,0,free,76,0,0
dev,integrations,74,199,0,0,0,free,71,0,0
dev,payments,32,51,0,1,0,enterprise,2,0,1
dev,ui,31,47,0,0,1,pro,62,0,0
dev,payments,11,24,1,1,0,free,75,0,1
dev,ui,21,27,0,1,1,free,66,0,0
staging,ui,35,49,0,0,0,free,44,0,0
dev,ui,50,60,0,0,0,enterprise,30,0,0
prod,ui,22,16,0,0,1,free,60,0,0
staging,auth,72,152,0,0,1,free,59,0,0
staging,reporting,24,59,0,0,0,enterprise,33,1,1
dev,ui,54,138,0,0,1,pro,36,1,0
prod,reporting,15,37,1,0,0,free,33,0,1
prod,auth,4,5,0,0,1,free,4,1,0
staging,search,32,34,0,0,0,free,2,0,0
prod,search,50,96,0,0,0,pro,7,0,0
prod,auth,43,115,0,0,0,free,38,0,1
prod,payments,37,79,0,0,0,enterprise,45,0,1
prod,search,17,26,0,0,1,enterprise,36,0,1
prod,reporting,10,20,0,0,0,free,85,0,0
prod,payments,42,94,0,0,0,pro,20,0,1
prod,notifications,37,96,0,0,0,free,35,1,0
prod,ui,14,31,0,0,0,free,22,0,1
prod,reporting,74,106,1,1,1,pro,26,1,1
staging,search,10,10,0,0,0,free,52,1,0
prod,search,13,20,0,0,1,free,27,1,1
dev,ui,126,149,0,0,1,free,28,0,0
dev,integrations,58,154,0,0,0,free,60,0,0
prod,search,17,27,0,0,1,free,74,0,0
prod,ui,32,49,0,0,0,pro,19,1,1
staging,ui,28,34,0,0,0,pro,10,0,0
dev,reporting,1,1,0,0,0,pro,21,0,0
staging,auth,9,14,0,0,0,pro,51,0,0
dev,ui,23,16,0,0,0,free,86,0,0
staging,search,17,42,0,0,0,pro,14,1,1
staging,integrations,31,39,0,0,1,free,3,0,0
prod,search,75,107,0,0,0,free,47,0,1
staging,search,17,15,0,0,1,enterprise,89,0,0
prod,integrations,8,13,0,0,0,free,49,0,0
staging,search,33,68,0,0,1,free,83,0,0
dev,payments,17,42,1,1,0,free,57,0,0
prod,payments,20,10,0,1,0,free,2,0,1
staging,auth,18,49,0,0,0,free,38,1,1
prod,auth,230,480,0,0,1,free,69,0,0
staging,search,2,2,0,0,1,enterprise,45,1,0
prod,reporting,16,14,0,0,0,free,17,0,0
dev,reporting,24,26,0,0,1,free,16,0,0
prod,auth,11,27,1,1,1,free,59,0,1
dev,ui,60,65,0,0,1,pro,41,0,0
dev,auth,55,83,1,0,0,free,51,0,1
staging,integrations,23,48,0,0,1,free,33,0,0
dev,auth,18,44,0,0,1,free,30,0,0
dev,ui,21,41,0,0,0,pro,59,1,0
dev,payments,22,48,0,0,0,pro,0,1,1
prod,ui,22,17,0,0,0,pro,39,0,0
staging,search,20,50,0,0,1,pro,33,0,0
prod,reporting,31,32,0,0,0,free,70,0,0
staging,payments,52,36,0,1,0,free,65,0,1
prod,integrations,7,19,0,0,0,free,38,0,0
staging,ui,8,7,0,1,1,free,23,1,0
staging,reporting,4,2,0,0,1,free,21,0,0
prod,notifications,58,110,1,0,0,free,19,0,1
staging,integrations,31,36,0,0,0,free,24,0,0
dev,payments,40,28,0,1,1,pro,68,0,0
dev,payments,5,9,0,1,0,free,4,0,1
prod,payments,146,324,0,0,0,pro,2,1,1
staging,payments,13,29,0,1,1,pro,48,0,1
dev,ui,29,22,0,0,0,free,20,1,1
prod,integrations,57,98,0,0,0,free,74,1,0
prod,integrations,9,21,0,0,0,pro,67,0,0
prod,ui,14,11,0,0,1,pro,69,0,0
staging,ui,29,26,1,0,1,free,41,0,0
prod,notifications,427,173,1,0,0,free,39,0,1
dev,integrations,33,54,0,0,1,pro,38,0,0
staging,payments,122,105,0,1,1,pro,17,0,1
prod,ui,81,173,0,0,1,free,51,0,0
dev,notifications,35,94,0,0,0,free,77,1,0
dev,payments,9,8,0,0,0,enterprise,23,0,0
prod,search,70,137,0,0,1,free,5,0,0
prod,integrations,5,4,0,1,0,enterprise,50,0,1
prod,integrations,121,53,0,0,0,free,35,0,0
prod,integrations,29,64,0,0,0,free,71,0,0
prod,notifications,1,1,1,0,1,free,77,0,0
dev,payments,17,45,1,1,0,free,85,0,1
prod,payments,47,79,0,1,0,enterprise,35,0,1
prod,ui,19,14,0,0,1,free,81,0,0
staging,ui,50,73,0,0,0,enterprise,10,0,1
staging,ui,10,8,0,0,0,free,33,1,1
dev,ui,6,15,0,0,0,enterprise,23,0,0
dev,search,22,45,1,0,0,enterprise,83,0,0
prod,reporting,25,30,0,0,1,pro,54,0,0
prod,payments,17,28,0,1,0,free,32,0,1
dev,payments,83,166,1,0,1,pro,13,0,0
staging,auth,10,22,0,0,0,free,70,0,0
dev,payments,33,19,0,1,0,enterprise,58,1,1
prod,notifications,26,11,0,0,0,free,76,0,0
dev,search,5,3,0,0,0,free,39,0,0
staging,payments,6,8,0,1,0,free,13,0,0
prod,reporting,24,36,0,0,0,pro,30,0,0
staging,ui,177,128,0,0,1,enterprise,55,0,1
staging,auth,43,59,0,0,0,free,21,1,1
prod,payments,4,5,0,1,1,pro,6,0,1
prod,auth,1,1,0,0,0,enterprise,74,1,1
dev,ui,51,132,1,1,0,free,47,0,0
prod,payments,22,40,0,1,1,free,35,0,1
prod,auth,76,101,0,0,0,pro,49,1,1
prod,auth,10,16,0,0,0,pro,66,0,0
prod,ui,34,39,0,0,0,free,0,0,1
dev,auth,57,139,0,0,0,pro,39,0,0
dev,notifications,15,26,1,0,1,free,22,1,0
prod,auth,16,25,0,0,0,enterprise,8,1,1
dev,ui,25,64,0,0,1,enterprise,3,0,0
dev,search,42,101,0,0,0,pro,39,0,0
prod,search,24,56,0,0,0,free,48,0,0
dev,auth,64,60,0,0,0,free,45,0,1
prod,notifications,15,11,0,0,0,free,70,0,1
dev,notifications,6,12,0,0,1,free,41,0,0
staging,auth,177,269,0,0,1,pro,53,1,0
staging,auth,13,26,0,0,0,free,73,0,0
prod,integrations,13,28,0,0,0,free,59,0,0
dev,ui,22,24,0,0,1,free,81,1,0
prod,auth,26,28,0,0,0,free,19,0,0
prod,payments,16,25,0,1,0,free,70,0,0
prod,ui,24,25,0,0,0,pro,62,0,0
dev,reporting,23,46,0,0,0,pro,52,0,0
prod,ui,29,63,0,0,0,free,0,0,0
dev,integrations,2,3,0,0,0,enterprise,48,0,0
staging,search,160,341,0,0,1,enterprise,77,0,0
prod,payments,21,34,0,1,0,free,58,0,1
prod,search,43,90,0,0,1,pro,0,0,1
prod,payments,6,5,0,1,1,free,25,0,1
staging,payments,15,32,0,1,0,free,51,0,1
dev,auth,12,25,0,0,0,free,73,1,0
prod,payments,106,110,0,1,0,free,40,0,1
dev,reporting,13,22,0,0,1,enterprise,77,0,0
prod,auth,52,127,0,0,0,enterprise,71,0,1
dev,search,12,11,0,0,1,pro,24,0,0
dev,ui,15,32,0,0,1,pro,17,0,0
dev,ui,19,51,0,0,1,pro,81,0,0
staging,reporting,88,218,0,1,0,enterprise,53,0,0
dev,notifications,3,4,0,0,1,free,76,1,0
prod,reporting,6,11,0,0,1,free,82,0,0
prod,auth,3,8,0,0,1,pro,38,0,0
prod,search,8,14,0,0,0,free,4,0,0
staging,ui,10,6,0,0,1,free,81,0,0
staging,payments,4,2,1,1,0,free,52,0,1
staging,auth,11,25,1,0,1,pro,10,0,1
dev,payments,3,4,0,1,0,free,47,0,1
prod,search,8,7,0,0,0,free,2,1,1
staging,search,81,99,0,0,1,free,26,0,0
prod,auth,36,79,0,0,0,free,31,0,0
prod,notifications,29,43,0,0,1,enterprise,40,0,0
staging,integrations,8,19,0,1,1,free,50,0,0
dev,payments,5,10,0,1,1,pro,75,0,0
staging,integrations,7,19,0,0,1,pro,31,0,0
prod,auth,23,58,0,0,0,free,66,0,0
staging,integrations,58,58,0,0,0,pro,84,0,0
prod,integrations,60,118,0,0,1,pro,67,0,1
dev,auth,46,20,0,0,0,pro,22,0,0
staging,reporting,11,30,0,0,0,free,60,0,0
prod,integrations,25,25,0,0,0,free,25,0,0
prod,integrations,17,33,0,0,0,enterprise,43,0,0
prod,integrations,20,48,0,1,1,pro,57,0,1
dev,ui,188,147,0,0,0,enterprise,26,0,1
prod,auth,4,9,0,0,0,enterprise,0,1,1
dev,notifications,19,8,0,0,1,free,75,1,0
staging,ui,82,119,0,0,1,pro,65,0,0
staging,ui,5,7,1,0,0,free,11,0,0
prod,search,12,15,0,0,1,pro,33,1,1
dev,ui,14,25,0,0,0,free,23,1,0
prod,auth,19,49,0,0,1,free,87,0,0
staging,reporting,4,4,0,0,0,pro,84,0,0
staging,auth,44,78,0,0,0,pro,62,0,0
staging,reporting,47,117,1,0,0,pro,39,1,1
dev,notifications,40,90,0,0,1,free,4,1,0
prod,search,10,4,0,0,0,free,22,1,1
staging,ui,26,69,0,1,0,enterprise,8,0,1
prod,payments,9,4,0,1,1,free,71,1,0
prod,integrations,17,30,0,0,0,free,7,0,0
prod,reporting,211,375,0,0,1,pro,60,0,0
prod,search,26,59,0,0,0,free,85,0,0
prod,auth,7,5,0,0,0,pro,27,0,0
prod,payments,29,24,0,1,0,free,61,0,1
prod,search,6,13,0,0,0,pro,79,0,0
staging,integrations,7,5,0,1,0,enterprise,38,0,1
staging,reporting,8,12,0,0,0,enterprise,40,1,0
prod,payments,15,32,0,1,1,pro,18,0,1
prod,notifications,62,121,1,0,0,free,38,0,1
prod,search,43,38,0,0,0,pro,78,0,1
staging,notifications,41,46,0,0,1,pro,59,0,0
prod,payments,8,21,0,1,0,pro,18,0,1
prod,ui,14,20,1,0,1,pro,47,0,0
prod,integrations,32,16,0,0,1,pro,63,0,1
prod,payments,13,12,0,1,0,pro,6,0,1
prod,reporting,18,21,0,0,1,pro,68,1,1
staging,integrations,38,106,0,0,1,free,18,0,0
staging,auth,17,19,0,0,0,free,26,0,0
staging,auth,30,13,0,0,1,pro,37,0,1
staging,ui,120,195,1,0,0,free,45,1,0
staging,payments,20,12,0,0,1,enterprise,82,0,0
prod,auth,79,83,0,0,0,pro,20,0,1
dev,search,42,116,0,0,0,free,23,0,0
staging,reporting,5,10,1,0,1,pro,34,0,0
prod,payments,8,4,0,0,0,pro,77,1,1
staging,payments,10,14,0,1,1,pro,86,0,0
prod,notifications,10,8,0,0,1,free,40,0,0
staging,ui,22,15,0,0,1,enterprise,62,1,0
staging,notifications,45,81,0,0,1,free,82,1,0
dev,search,86,138,0,0,1,pro,76,0,0
dev,integrations,33,72,0,0,1,free,61,0,0
staging,ui,15,38,1,0,1,pro,48,0,1
staging,auth,3,2,1,0,0,pro,88,0,0
dev,notifications,26,67,0,0,1,pro,21,1,0
prod,search,25,41,0,0,0,free,32,1,1
dev,auth,29,29,0,0,0,pro,64,0,0
prod,auth,201,488,0,0,0,pro,1,0,1
prod,reporting,84,40,0,0,0,free,45,0,0
prod,auth,53,92,0,0,0,enterprise,76,0,1
dev,payments,9,19,0,1,0,pro,15,1,1
prod,auth,14,15,0,0,1,enterprise,72,0,0
prod,search,22,54,0,0,1,enterprise,37,0,1
prod,search,11,10,0,0,1,enterprise,77,0,0
prod,ui,40,96,0,0,1,pro,57,0,1
prod,payments,35,20,0,1,1,pro,14,0,1
staging,auth,8,6,0,0,1,free,66,0,0
prod,ui,81,106,0,0,0,free,5,0,0
dev,search,27,66,0,0,1,pro,21,0,0
dev,ui,4,2,0,0,0,free,79,0,0
prod,auth,23,57,1,0,0,enterprise,78,0,1
prod,auth,32,30,1,0,0,free,4,0,1
staging,payments,64,95,1,1,1,free,34,1,1
prod,search,17,21,1,0,1,free,8,0,0
prod,search,56,38,0,1,0,free,24,1,1
dev,notifications,29,77,1,1,1,free,87,0,0
dev,search,6,8,1,0,0,free,17,0,0
dev,ui,5,10,0,0,0,pro,57,0,0
prod,ui,75,133,1,0,0,free,72,0,0
staging,auth,81,129,0,0,0,free,79,1,0
staging,ui,33,62,0,0,1,free,31,0,0
prod,payments,109,278,1,1,0,free,62,0,1
staging,search,70,145,0,0,0,free,43,0,0
prod,auth,48,80,0,0,0,pro,9,0,1
prod,notifications,9,17,0,0,1,pro,20,0,0
staging,integrations,138,256,0,0,1,free,67,1,0
prod,auth,41,59,1,0,1,pro,61,0,1
prod,ui,16,30,1,0,1,free,46,0,1
dev,reporting,12,17,0,0,1,free,70,1,0
dev,payments,31,68,1,1,0,enterprise,62,0,1
staging,notifications,4,10,0,0,0,free,30,0,0
dev,ui,49,132,1,0,0,enterprise,26,1,1
dev,integrations,9,21,0,0,0,free,85,0,0
prod,integrations,35,64,0,0,0,free,87,0,1
prod,auth,14,30,0,0,0,free,2,1,1
prod,search,18,14,0,0,0,free,71,0,0
prod,ui,11,17,0,0,0,enterprise,11,1,1
dev,auth,20,20,0,0,0,free,77,0,0
prod,payments,162,66,0,1,0,enterprise,52,0,1
prod,integrations,98,266,0,1,1,enterprise,61,0,0
prod,auth,34,84,0,0,1,pro,63,0,1
prod,search,23,37,0,0,0,free,54,0,0
dev,notifications,57,57,0,0,0,free,22,0,0
prod,payments,75,154,0,0,0,free,72,0,1
prod,search,10,14,0,0,0,pro,49,0,0
prod,integrations,22,51,0,0,0,free,49,0,0
prod,search,3,8,0,0,0,enterprise,28,0,0
staging,auth,75,92,0,0,1,pro,0,0,0
prod,auth,193,190,0,0,1,free,49,0,1
prod,integrations,26,27,0,0,1,pro,31,0,0
prod,payments,2,1,0,1,1,free,59,0,0
dev,ui,45,60,1,0,1,enterprise,32,0,0
staging,auth,9,3,0,0,1,free,87,0,0
staging,search,12,8,0,0,1,enterprise,61,0,0
staging,integrations,45,47,0,0,1,pro,41,0,0
dev,ui,31,24,0,0,1,enterprise,63,0,0
prod,integrations,15,32,0,0,1,free,58,1,0
prod,payments,12,7,0,1,1,pro,55,0,1
staging,ui,27,66,1,0,0,free,52,0,0
prod,notifications,16,14,1,0,0,pro,83,0,0
dev,search,8,5,0,0,0,free,28,0,0
prod,payments,17,7,0,1,0,free,38,0,0
dev,notifications,34,71,0,1,0,free,22,0,0
dev,search,20,20,0,1,0,free,51,0,0
staging,ui,5,8,1,0,0,free,88,0,0
dev,integrations,65,43,0,0,1,pro,54,0,0
staging,payments,1,2,0,1,0,free,18,0,1
dev,payments,15,10,0,1,0,pro,82,0,1
prod,auth,13,18,0,0,0,free,71,0,0
prod,search,28,68,0,0,0,pro,39,0,1
staging,payments,43,42,0,1,1,pro,13,0,1
prod,reporting,75,78,0,0,1,free,36,0,1
prod,payments,12,28,0,1,0,pro,72,0,1
dev,ui,44,46,1,0,0,enterprise,51,1,1
staging,payments,29,11,0,1,0,pro,16,1,1
prod,payments,4,5,0,1,1,free,14,0,1
prod,payments,164,70,0,1,1,free,87,0,0
prod,reporting,5,12,0,0,1,pro,40,0,0
prod,search,37,71,1,0,0,free,61,1,0
dev,search,36,64,0,0,1,pro,32,0,0
prod,notifications,32,28,0,0,1,free,8,0,0
prod,ui,14,29,0,0,1,pro,37,0,0
staging,payments,56,113,0,1,0,free,62,0,0
prod,integrations,5,2,1,0,0,free,30,0,1
prod,payments,22,55,0,1,0,enterprise,54,0,1
staging,auth,13,23,0,1,0,enterprise,39,0,0
staging,search,12,27,0,0,1,enterprise,30,0,0
dev,auth,37,38,0,0,0,enterprise,22,0,0
staging,payments,72,49,0,1,0,free,23,0,1
prod,reporting,17,35,0,0,1,free,23,1,0
dev,auth,53,122,0,0,0,free,64,1,1
dev,notifications,25,33,0,0,1,free,30,0,0
staging,integrations,10,4,0,0,1,free,66,1,0
dev,ui,18,42,0,0,1,enterprise,27,0,0
dev,reporting,18,16,0,0,1,free,29,0,0
dev,reporting,12,14,0,0,0,free,83,1,0
prod,integrations,37,70,0,0,0,free,78,0,0
staging,payments,31,19,0,1,1,free,36,1,0
prod,auth,4,2,0,0,0,free,24,0,1
staging,ui,4,1,0,0,0,pro,64,0,0
staging,ui,37,96,0,0,1,free,6,0,0
dev,auth,10,11,0,1,0,pro,41,0,0
dev,ui,33,65,0,0,0,enterprise,53,1,1
prod,auth,53,147,1,0,0,pro,60,0,1
staging,integrations,6,12,0,0,0,pro,9,0,0
staging,payments,5,8,0,1,1,free,0,0,0
prod,auth,130,214,1,0,0,free,24,0,1
prod,auth,34,44,0,0,0,free,10,0,1
prod,payments,16,29,0,0,0,enterprise,45,0,1
dev,payments,9,24,0,1,1,pro,82,0,0
prod,auth,14,32,0,0,0,free,25,0,0
dev,payments,7,9,0,1,0,free,40,0,0
prod,payments,59,70,0,1,1,pro,19,0,1
dev,search,11,27,0,0,0,pro,3,0,0
prod,search,73,52,0,1,1,pro,63,0,0
dev,payments,16,39,0,1,0,enterprise,23,0,1
prod,payments,8,8,0,1,0,pro,49,0,1
staging,auth,16,33,0,0,0,pro,61,0,0
dev,auth,1,2,0,0,1,free,75,0,0
dev,payments,21,32,0,1,0,free,16,0,0
dev,reporting,20,17,1,1,0,enterprise,52,1,1
prod,integrations,55,133,0,0,0,pro,81,0,0
prod,integrations,3,3,0,0,0,free,43,0,0
prod,ui,78,91,0,0,1,pro,3,0,0
prod,ui,55,89,0,0,1,free,23,0,0
staging,payments,85,122,0,1,0,pro,71,0,1
staging,reporting,23,46,0,0,0,free,71,0,0
dev,reporting,67,48,0,0,0,pro,28,0,0
dev,notifications,5,7,0,0,1,free,17,0,0
staging,notifications,50,127,1,0,0,free,26,1,1
dev,search,11,5,0,0,0,free,21,0,0
prod,reporting,4,5,0,0,1,pro,66,0,0
prod,notifications,7,13,0,0,1,free,75,0,0
staging,payments,24,60,0,1,0,free,4,0,1
dev,integrations,10,18,0,0,0,pro,66,1,0
prod,auth,35,83,1,0,1,free,67,0,1
staging,integrations,4,3,0,0,1,free,55,1,0
staging,reporting,2,2,1,0,0,free,78,0,0
prod,auth,96,255,0,0,0,enterprise,3,0,1
prod,ui,60,151,0,1,0,free,62,0,0
dev,auth,8,13,0,0,0,free,11,0,0
staging,reporting,24,36,1,0,0,free,80,0,0
prod,notifications,67,99,0,0,1,free,44,0,0
dev,ui,37,20,0,0,0,free,8,1,0
prod,notifications,28,71,0,0,0,free,67,0,1
dev,auth,73,172,0,0,1,free,67,0,0
prod,payments,11,16,0,1,0,free,41,0,0
staging,search,25,26,0,0,0,enterprise,27,0,0
prod,auth,24,29,0,0,1,free,1,0,1
prod,search,18,12,0,0,0,free,81,0,1
dev,payments,16,34,0,1,1,enterprise,16,1,0
prod,search,26,45,0,0,0,enterprise,75,0,0
prod,search,25,24,0,0,0,pro,52,0,1
prod,notifications,8,15,0,0,1,free,61,0,0
staging,payments,54,148,0,0,0,free,62,0,1
dev,notifications,9,6,1,1,0,free,77,0,0
dev,search,19,28,0,0,0,free,3,0,0
prod,payments,18,28,0,0,1,free,89,0,0
prod,ui,35,28,0,0,0,pro,3,0,1
prod,search,2,3,0,0,1,free,89,0,0
staging,payments,59,109,0,1,1,pro,23,1,1
dev,ui,12,9,0,0,0,free,76,0,0
staging,auth,83,64,0,0,0,free,7,0,0
staging,payments,15,36,0,1,0,pro,41,0,1
prod,ui,23,26,0,0,1,enterprise,48,0,0
dev,search,166,317,0,0,0,free,85,1,0
prod,notifications,18,34,0,0,1,pro,11,0,0
prod,payments,84,202,0,0,0,free,3,0,1
prod,integrations,25,54,0,0,0,free,58,0,0
prod,notifications,37,89,0,0,1,pro,4,0,0
prod,integrations,26,49,1,0,0,free,69,0,0
prod,notifications,57,84,0,0,0,free,3,1,0
prod,auth,12,16,1,0,1,free,87,0,0
staging,ui,9,11,0,0,1,free,47,0,0
prod,auth,12,16,1,1,0,free,85,0,1
prod,notifications,27,19,0,0,0,free,11,1,0
dev,ui,19,26,0,0,0,enterprise,24,0,0
dev,payments,49,65,0,1,1,pro,40,0,0
staging,integrations,90,43,0,0,0,free,2,0,1
prod,auth,9,9,1,0,1,free,9,0,0
dev,ui,11,24,0,0,1,pro,29,1,0
prod,reporting,5,8,0,0,1,free,66,0,0
prod,auth,186,434,0,0,0,free,63,0,1
dev,ui,33,56,0,0,0,pro,7,0,0
staging,notifications,39,95,0,0,0,free,5,1,0
staging,auth,6,13,1,0,0,free,59,0,1
staging,ui,24,15,0,0,0,free,32,1,0
staging,payments,40,109,0,1,1,free,71,1,1
prod,ui,19,8,0,0,0,free,26,1,1
prod,auth,71,130,1,0,0,enterprise,32,0,1
prod,integrations,247,568,0,1,0,free,19,0,1
prod,notifications,9,10,0,0,1,pro,23,1,1
dev,payments,8,14,1,1,0,pro,63,1,1
prod,payments,10,12,0,1,1,free,42,0,1
staging,ui,122,66,0,0,1,free,59,0,1
dev,reporting,69,29,0,0,0,free,7,0,0
dev,search,21,13,0,0,1,pro,48,0,0
prod,auth,25,15,1,0,0,free,41,1,1
prod,auth,10,18,1,0,0,pro,81,0,1
dev,integrations,59,98,0,0,0,enterprise,38,0,0
staging,search,16,23,1,0,0,pro,9,0,1
dev,notifications,18,37,0,0,1,enterprise,62,1,0
dev,search,45,19,1,0,1,pro,13,0,0
dev,integrations,20,21,0,0,0,enterprise,81,0,0
prod,auth,19,43,0,0,1,pro,34,0,0
staging,auth,24,62,0,1,0,pro,70,1,0
prod,integrations,54,78,0,0,0,pro,59,0,0
staging,integrations,127,75,0,0,1,enterprise,41,0,1
dev,payments,44,101,0,1,0,free,52,0,1
staging,payments,54,136,0,1,1,pro,16,1,1
prod,search,20,27,0,0,0,free,6,0,1
prod,search,12,11,0,0,1,enterprise,68,0,0
dev,payments,47,23,0,1,0,free,86,0,0
prod,notifications,29,52,0,0,0,pro,77,0,1
prod,payments,5,12,1,1,1,pro,27,1,1
prod,reporting,17,34,0,0,0,enterprise,32,0,1
prod,auth,22,25,1,0,0,free,32,0,1
prod,auth,14,27,1,0,1,pro,63,1,1
staging,ui,107,256,0,1,0,pro,56,0,0
prod,payments,39,60,0,1,0,enterprise,71,1,1
prod,ui,96,227,0,0,0,enterprise,85,0,1
prod,auth,31,41,0,0,1,pro,35,0,1
prod,integrations,26,32,0,0,1,pro,59,1,0
prod,reporting,9,16,1,0,1,free,45,1,1
staging,notifications,24,36,1,0,0,enterprise,85,0,1
prod,auth,24,65,0,0,0,free,31,0,1
prod,payments,6,9,0,0,0,pro,16,1,1
prod,search,14,18,0,0,0,pro,34,0,1
prod,ui,17,22,0,0,1,free,55,0,0
prod,payments,37,63,1,1,0,free,85,0,1
prod,auth,38,47,0,0,1,free,74,0,0
dev,search,13,27,0,0,1,enterprise,1,0,0
prod,payments,39,51,0,1,1,free,45,1,1
staging,search,20,26,1,0,0,free,14,0,0
prod,payments,1,1,0,1,0,pro,32,0,1
prod,payments,15,8,1,1,1,free,84,0,0
prod,ui,72,142,0,0,1,enterprise,88,1,1
dev,search,4,6,0,0,0,free,13,0,0
dev,payments,27,40,1,1,1,free,12,1,1
prod,ui,119,253,0,0,1,free,62,0,1
prod,reporting,11,24,0,0,0,free,36,0,0
prod,search,24,58,0,0,1,free,38,1,0
prod,ui,6,7,0,0,0,pro,78,0,0
staging,integrations,124,146,0,0,1,free,82,1,0
prod,ui,22,46,0,1,0,free,81,0,0
prod,integrations,25,44,0,0,0,free,70,0,0
dev,notifications,95,182,0,0,0,free,88,0,0
prod,auth,47,81,0,0,1,enterprise,64,1,1
prod,search,10,22,0,0,1,free,79,0,1
staging,reporting,12,10,0,0,0,enterprise,48,0,0
prod,integrations,40,69,1,0,0,free,4,0,1
prod,search,13,10,0,0,0,free,73,1,1
prod,auth,2,2,0,0,0,free,83,1,0
dev,ui,23,45,0,0,1,free,28,1,0
prod,auth,5,7,1,0,0,pro,38,0,1
prod,reporting,123,161,0,0,1,free,51,0,0
prod,ui,29,73,1,1,1,free,58,1,1
prod,reporting,9,20,1,0,0,pro,60,1,1
staging,notifications,12,19,0,0,0,pro,35,1,0
prod,ui,3,8,1,0,1,enterprise,76,1,0
staging,ui,8,11,0,0,1,enterprise,73,1,0
staging,reporting,67,153,1,0,1,pro,84,0,0
dev,notifications,228,183,1,0,0,pro,51,0,1
prod,notifications,50,54,1,0,0,pro,6,1,1
dev,auth,22,26,0,0,1,free,76,0,0
staging,ui,15,9,0,0,0,pro,7,0,0
prod,payments,9,14,0,1,1,free,17,0,0
dev,notifications,192,165,0,0,1,pro,25,0,0
dev,ui,20,38,0,0,0,enterprise,16,1,0
prod,search,203,173,0,1,0,free,65,1,1
dev,payments,98,68,0,1,0,pro,39,0,1
prod,payments,4,10,0,0,1,enterprise,19,0,1
staging,reporting,12,23,0,0,0,free,0,0,0
dev,payments,12,31,0,1,0,free,19,1,1
prod,auth,22,34,0,0,1,enterprise,62,0,1
dev,notifications,23,11,0,0,1,enterprise,71,0,0
prod,reporting,490,871,0,0,0,free,26,0,1
dev,payments,8,13,0,1,1,free,6,0,0
staging,payments,30,13,0,0,0,pro,50,0,0
prod,integrations,45,111,0,1,1,free,70,0,0
prod,reporting,24,45,0,0,1,free,6,0,1
prod,ui,27,59,0,0,0,free,71,0,0
prod,payments,8,12,0,0,0,free,15,0,1
prod,payments,27,50,0,1,0,pro,23,0,1
prod,auth,40,40,0,0,1,pro,56,0,0
prod,reporting,34,93,0,0,1,pro,4,0,1
prod,auth,43,58,0,0,0,pro,27,0,1
staging,auth,100,78,0,0,1,free,12,1,1
staging,reporting,62,33,0,0,0,free,19,0,0
staging,integrations,26,50,0,0,1,free,69,0,0
prod,reporting,7,19,0,0,1,free,20,0,0
dev,search,13,33,0,0,0,free,3,0,0
staging,search,19,39,0,0,0,free,19,0,0
prod,search,31,86,0,0,1,free,7,0,0
prod,payments,15,32,0,1,1,free,56,0,1
staging,ui,9,10,0,0,0,pro,87,0,0
prod,search,7,12,0,0,1,pro,15,0,0
staging,ui,4,2,0,0,0,enterprise,65,1,1
dev,notifications,19,17,0,0,0,pro,32,0,0
prod,integrations,5,7,0,0,1,pro,6,0,0
prod,auth,9,7,0,0,0,free,61,1,1
dev,search,16,43,1,0,1,pro,18,0,0
staging,payments,6,16,0,1,1,free,46,0,0
prod,payments,35,45,0,0,0,free,45,0,0
dev,payments,51,107,0,0,0,free,53,0,0
dev,auth,14,19,0,0,0,free,12,0,0
staging,reporting,15,11,0,0,0,free,22,0,1
staging,search,41,49,0,0,1,pro,66,0,0
prod,integrations,12,11,0,0,0,pro,83,0,0
prod,auth,11,13,0,0,1,pro,1,0,0
staging,auth,81,74,0,0,0,pro,37,0,0
prod,search,59,39,0,0,0,free,79,1,1
staging,auth,44,40,1,0,1,free,25,0,0
dev,payments,61,157,0,1,0,pro,40,0,1
prod,integrations,3,1,0,0,1,free,81,1,0
staging,payments,94,110,0,1,1,free,87,1,0
prod,payments,36,60,0,1,1,free,58,0,1
dev,ui,67,83,1,0,0,enterprise,62,0,1
prod,search,36,59,0,0,0,pro,55,0,1
staging,ui,25,12,0,0,1,free,25,1,0
staging,search,18,35,0,0,0,pro,79,0,0
prod,notifications,35,61,1,0,1,free,3,0,1
staging,auth,17,34,0,0,1,free,5,0,0
staging,search,58,102,1,0,1,free,54,0,0
staging,reporting,5,7,1,0,1,free,75,0,0
dev,notifications,14,17,0,1,1,pro,73,0,0
dev,search,189,178,1,1,0,free,61,0,0
prod,ui,13,20,1,0,1,pro,33,0,1
staging,auth,19,8,0,0,1,free,32,1,0
prod,auth,10,11,0,0,0,pro,38,0,0
dev,auth,34,68,0,0,1,pro,23,0,0
staging,reporting,11,7,0,0,0,pro,37,0,1
prod,payments,20,11,0,1,0,pro,9,0,1
prod,reporting,57,112,0,0,1,enterprise,28,0,1
dev,auth,12,16,0,0,1,free,84,0,0
prod,notifications,53,123,0,0,0,pro,63,0,0
staging,notifications,55,145,0,0,1,pro,12,0,0
prod,auth,70,188,0,0,0,free,25,0,0
dev,auth,28,39,0,0,0,free,23,0,0
prod,auth,627,648,0,0,0,free,25,0,1
prod,notifications,70,130,0,0,1,free,62,0,1
dev,payments,33,62,0,1,0,free,80,0,0
dev,ui,10,18,0,0,0,free,63,0,0
prod,search,22,25,1,0,1,pro,43,1,1
prod,notifications,102,56,0,0,0,free,14,0,1
staging,search,135,122,0,0,0,pro,12,0,1
dev,ui,107,82,0,0,0,free,73,0,0
prod,integrations,53,36,0,0,1,pro,60,0,0
staging,auth,6,15,0,0,1,free,45,1,0
staging,notifications,39,16,0,0,1,free,51,1,0
staging,auth,7,12,0,0,0,free,76,0,0
dev,search,5,13,0,0,0,pro,73,1,0
staging,notifications,31,39,0,0,1,free,7,0,0
prod,ui,41,68,0,0,0,enterprise,35,1,1
dev,reporting,60,124,0,0,0,free,3,1,0
dev,payments,40,46,1,1,0,pro,34,0,1
dev,search,41,63,0,0,0,free,57,0,0
prod,search,9,21,1,0,0,pro,18,0,1
prod,ui,22,48,0,0,1,free,13,0,0
staging,search,5,11,0,0,0,free,44,0,0
prod,payments,3,8,0,1,1,free,47,0,1
dev,payments,51,65,0,1,0,free,64,0,0
prod,payments,11,24,0,1,1,free,1,0,1
staging,search,58,107,1,0,1,enterprise,22,0,1
dev,auth,74,147,0,0,1,free,70,0,0
prod,notifications,13,28,0,0,0,free,61,0,0
prod,ui,44,96,0,0,1,enterprise,80,0,0
staging,auth,12,30,0,0,0,free,73,0,0
staging,reporting,3,3,0,0,1,free,75,0,0
prod,notifications,27,53,0,1,1,pro,45,0,1
staging,payments,15,16,0,1,1,enterprise,86,0,0
dev,auth,15,27,0,0,1,pro,37,0,0
prod,auth,176,387,0,0,1,free,81,0,1
prod,auth,5,11,0,0,1,enterprise,35,0,1
prod,reporting,35,49,0,0,0,free,39,0,0
prod,integrations,9,14,0,0,0,enterprise,61,1,0
prod,auth,60,72,1,1,1,pro,35,0,1
prod,reporting,33,26,1,0,1,enterprise,13,1,1
staging,auth,35,35,0,0,0,free,80,0,0
prod,ui,9,23,0,0,0,free,40,0,0
dev,reporting,11,12,0,0,0,pro,83,0,0
prod,payments,62,169,0,1,0,free,35,0,1
prod,auth,144,141,0,0,0,free,87,0,0
dev,ui,39,83,0,0,0,enterprise,54,1,1
dev,integrations,9,15,0,1,0,pro,69,0,0
prod,payments,34,70,1,0,1,free,67,0,1
prod,payments,277,538,0,1,0,free,18,1,1
prod,auth,27,56,1,0,0,free,73,0,1
staging,ui,105,270,0,0,0,free,85,0,0
prod,ui,11,19,0,0,0,free,59,1,0
prod,notifications,23,12,0,0,0,pro,85,0,0
prod,reporting,45,47,0,0,0,pro,76,0,0
prod,notifications,36,75,0,0,0,free,59,0,1
dev,notifications,11,17,0,0,1,free,42,0,0
staging,payments,10,17,0,1,0,pro,77,0,0
prod,ui,65,119,0,0,0,pro,16,0,1
prod,payments,80,105,0,0,0,enterprise,50,0,1
prod,payments,111,250,0,1,0,free,73,0,1
prod,integrations,148,316,0,0,0,pro,84,1,0
dev,reporting,28,59,0,0,0,free,24,0,0
dev,integrations,17,35,0,0,0,free,8,0,0
dev,search,94,238,0,0,0,enterprise,30,0,1
dev,ui,50,91,0,0,1,free,77,0,0
dev,search,9,24,1,0,0,free,47,0,0
dev,auth,8,5,0,0,0,free,4,0,0
prod,payments,40,76,0,1,0,free,10,0,1
prod,ui,20,42,0,0,0,free,30,0,0
prod,auth,23,35,1,0,1,pro,30,0,1
staging,integrations,71,77,0,0,0,free,12,0,0
prod,auth,52,89,0,0,0,free,44,1,1
dev,payments,92,117,0,1,1,enterprise,43,0,0
staging,reporting,3,7,0,0,0,free,17,0,0
staging,auth,31,38,1,0,0,enterprise,20,0,1
prod,integrations,49,40,0,0,1,free,59,0,0
prod,reporting,5,8,0,0,1,pro,85,0,0
prod,auth,12,16,0,0,0,free,89,0,0
dev,reporting,10,6,0,0,1,pro,50,0,0
staging,ui,25,43,0,0,0,free,3,0,1
staging,reporting,124,209,1,0,1,enterprise,80,0,1
prod,notifications,185,150,1,0,0,free,85,0,1
prod,reporting,10,18,0,1,1,pro,25,0,0
prod,ui,41,72,0,0,0,free,36,0,0
dev,payments,42,94,1,1,0,free,2,0,1
dev,reporting,36,45,0,0,0,free,72,0,0
prod,integrations,36,35,0,0,1,free,69,0,0
dev,ui,33,88,0,0,1,free,1,0,0
prod,ui,132,230,0,0,1,pro,63,0,1
dev,search,73,33,1,0,1,free,37,0,0
prod,reporting,8,18,1,0,0,free,49,0,1
prod,integrations,54,47,0,0,1,free,19,0,1
dev,auth,59,134,0,0,0,free,73,0,0
prod,payments,33,69,0,0,1,free,36,0,0
prod,ui,76,207,0,0,1,pro,75,0,0
prod,search,29,78,0,1,0,free,13,1,1
prod,ui,29,30,0,0,0,enterprise,52,0,1
staging,auth,27,60,1,0,1,free,27,0,0
dev,search,3,3,0,0,1,free,86,0,0
dev,ui,22,42,0,0,1,enterprise,50,1,0
prod,ui,12,22,0,0,0,free,64,0,0
staging,ui,7,3,0,0,0,free,7,0,0
prod,reporting,102,42,0,1,1,enterprise,60,0,0
prod,ui,40,21,1,0,1,enterprise,9,0,1
prod,notifications,23,16,0,0,0,pro,32,0,0
dev,ui,13,13,0,0,1,free,20,1,0
dev,ui,32,82,0,0,1,pro,0,0,0
dev,ui,66,108,0,0,1,enterprise,52,1,0
staging,auth,10,23,0,0,1,enterprise,21,1,1
prod,payments,24,57,0,1,1,free,46,1,1
staging,ui,58,125,0,0,1,free,68,1,0
staging,notifications,3,4,0,0,0,free,16,0,0
prod,ui,23,56,0,0,0,free,63,0,1
prod,auth,15,32,1,0,1,pro,26,0,0
prod,ui,21,45,0,0,1,free,29,0,0
dev,payments,14,35,0,1,0,free,51,0,0
prod,reporting,28,51,0,0,1,free,56,1,0
dev,notifications,167,278,0,0,0,free,58,0,0
prod,ui,17,43,1,0,0,free,17,0,0
staging,ui,32,47,0,0,1,free,52,0,0
prod,payments,180,422,0,0,1,free,23,0,0
prod,search,14,7,1,0,0,enterprise,24,0,1
prod,notifications,150,60,0,0,0,free,85,0,0
prod,reporting,24,40,0,0,0,free,9,0,1
dev,ui,145,83,1,0,0,free,37,0,0
prod,search,51,139,0,0,0,free,39,1,0
staging,auth,33,13,0,0,0,free,22,0,1
prod,auth,22,46,1,0,0,free,70,0,1
prod,payments,13,12,0,1,1,free,43,0,1
staging,search,26,70,0,0,1,free,64,0,0
prod,integrations,60,78,0,0,1,pro,34,0,0
dev,ui,24,11,1,0,0,free,80,0,0
dev,payments,17,7,1,0,0,free,65,0,0
staging,auth,19,32,1,0,0,pro,29,0,0
prod,payments,66,182,0,1,1,free,86,0,1
prod,notifications,83,228,0,0,0,free,77,0,0
dev,search,12,14,1,0,1,free,53,0,0
prod,reporting,12,18,0,0,0,free,1,0,0
prod,notifications,35,22,0,0,1,free,53,0,0
prod,auth,113,186,0,0,0,enterprise,62,1,1
dev,ui,77,141,1,1,0,enterprise,32,0,1
staging,integrations,7,7,0,0,1,enterprise,12,0,0
dev,search,18,33,0,0,0,free,50,1,0
dev,auth,9,23,1,0,1,free,72,1,0
prod,integrations,18,7,1,0,0,free,28,1,1
dev,notifications,122,115,1,1,1,free,41,0,0
prod,ui,5,4,0,1,1,free,0,1,1
staging,ui,4,2,0,0,0,free,63,1,0
prod,payments,10,7,0,0,1,free,77,0,1
dev,notifications,32,60,0,0,1,free,69,0,0
prod,search,45,29,1,0,1,free,38,1,1
prod,auth,37,80,0,0,0,pro,4,0,0
prod,reporting,79,199,0,1,0,free,44,0,1
prod,integrations,4,10,0,0,1,enterprise,84,0,1
prod,notifications,80,158,0,0,0,free,7,0,1
staging,payments,17,14,1,0,1,free,19,0,0
prod,auth,50,30,0,0,0,free,75,0,0
dev,integrations,6,5,0,0,1,free,51,0,0
prod,integrations,24,65,0,0,0,free,15,1,1
staging,ui,31,83,0,0,1,free,2,0,0
prod,ui,77,101,0,1,0,pro,36,0,1
staging,search,5,5,1,0,0,free,53,0,0
staging,search,25,40,0,0,0,free,75,0,0
prod,auth,8,8,0,0,1,enterprise,79,1,1
dev,auth,40,110,0,0,0,free,41,0,1
prod,payments,53,49,0,1,1,pro,38,0,1
prod,notifications,88,113,0,0,0,free,83,1,0
staging,auth,14,20,0,0,1,free,69,0,0
dev,payments,62,43,0,1,1,free,18,0,0
prod,ui,95,125,0,0,0,free,61,0,1
prod,payments,4,9,1,1,0,pro,64,0,1
dev,auth,45,33,1,0,0,free,21,1,1
staging,ui,63,113,0,0,1,free,88,0,0
dev,search,18,24,0,0,1,free,26,0,0
staging,ui,7,5,0,0,0,enterprise,49,0,0
staging,integrations,62,26,0,0,1,pro,44,1,0
prod,auth,7,7,0,0,1,enterprise,62,0,0
dev,integrations,20,10,0,0,1,pro,81,0,0
prod,integrations,23,29,0,0,0,pro,35,0,0
staging,notifications,50,117,1,0,1,free,34,0,1
prod,ui,13,27,1,0,0,enterprise,67,0,1
staging,ui,12,32,0,0,1,free,85,0,0
staging,ui,27,38,0,0,0,free,81,0,0
staging,reporting,67,140,0,0,1,pro,67,0,0
dev,auth,241,481,0,0,1,free,63,0,0
prod,integrations,5,4,0,0,1,free,69,0,0
staging,ui,33,37,0,0,0,free,84,0,0
prod,notifications,8,13,0,0,1,free,0,0,0
prod,search,67,154,0,0,0,pro,52,1,1
prod,auth,9,13,0,0,1,free,3,0,0
prod,ui,12,11,0,0,0,pro,51,0,0
prod,ui,13,36,0,0,1,free,35,0,0
staging,search,22,14,0,0,0,pro,27,0,0
staging,payments,33,88,0,1,0,free,80,0,1
staging,payments,39,91,0,0,0,enterprise,63,1,1
prod,ui,24,57,0,0,0,free,51,0,0
prod,search,6,13,0,0,0,free,79,0,0
prod,integrations,50,44,0,0,1,free,8,0,1
dev,auth,23,44,0,0,1,free,58,0,0
dev,payments,78,172,1,1,1,free,14,0,1
prod,payments,12,26,0,1,1,pro,20,0,0
staging,ui,4,4,0,0,0,enterprise,16,0,0
prod,search,23,19,0,0,0,pro,48,1,1
prod,ui,89,105,0,0,0,free,56,0,1
prod,integrations,28,43,0,0,0,free,68,0,0
prod,payments,20,35,0,1,1,pro,39,1,1
staging,reporting,10,24,1,0,1,pro,84,0,0
dev,auth,142,318,0,0,1,free,33,0,0
prod,payments,8,16,0,1,1,enterprise,14,0,1
staging,search,11,11,0,0,0,free,3,1,0
staging,auth,43,66,0,0,1,pro,11,0,1
dev,ui,3,3,1,0,0,enterprise,40,0,0
staging,ui,87,83,0,1,1,pro,37,0,0
prod,reporting,45,19,0,0,0,free,76,0,0
staging,ui,60,72,0,0,0,pro,11,0,0
prod,ui,42,42,0,0,0,free,23,0,0
dev,search,20,35,0,0,0,pro,88,1,0
prod,auth,8,4,0,0,0,free,2,0,0
staging,auth,21,22,0,0,0,pro,38,0,0
prod,ui,9,4,0,0,1,enterprise,17,0,0
prod,integrations,39,75,1,1,1,free,48,0,0
dev,auth,54,95,0,0,0,free,87,0,0
staging,ui,107,129,0,1,0,pro,20,0,1
prod,reporting,35,26,0,1,1,free,33,0,1
dev,notifications,61,164,0,0,0,free,40,1,1
dev,ui,18,32,0,0,1,free,71,0,0
prod,ui,15,30,0,0,0,free,88,0,0
staging,reporting,39,65,0,0,0,pro,8,1,1
prod,notifications,16,37,0,1,0,pro,43,0,1
staging,auth,32,81,0,0,0,free,67,1,1
prod,integrations,8,10,0,1,1,free,0,1,1
prod,auth,10,20,0,0,1,free,72,0,0
dev,notifications,46,43,0,0,0,free,21,0,0
dev,auth,59,115,0,0,1,pro,46,0,0
dev,payments,9,12,1,1,0,free,88,1,1
dev,auth,47,19,0,0,0,free,57,0,0
staging,search,14,37,0,0,1,enterprise,89,1,0
dev,payments,24,59,1,1,1,free,54,0,0
dev,auth,101,110,0,0,0,pro,18,0,1
prod,search,55,153,0,0,0,free,62,0,0
prod,search,54,62,1,0,0,free,55,1,1
prod,reporting,165,247,0,0,0,free,27,0,1
staging,notifications,12,29,0,0,1,pro,6,0,0
prod,ui,9,10,0,0,0,pro,58,1,0
prod,auth,11,16,0,0,1,free,51,0,0
staging,payments,19,37,0,0,0,free,69,0,0
prod,integrations,2,1,0,0,0,free,11,1,0
prod,auth,19,26,1,0,0,pro,48,1,1
dev,search,14,15,0,0,0,pro,73,0,0
dev,integrations,53,107,0,0,1,pro,80,0,0
prod,integrations,34,24,1,0,1,enterprise,84,0,1
prod,search,13,12,0,0,1,free,19,0,0
prod,ui,44,92,0,0,1,pro,15,0,1
dev,search,50,38,0,0,0,pro,51,0,0
dev,reporting,11,15,0,0,1,free,41,0,0
prod,auth,14,29,1,0,1,enterprise,21,0,1
dev,auth,2,4,0,0,1,free,9,1,0
prod,ui,8,5,0,0,0,pro,12,0,1
prod,payments,11,26,0,1,0,pro,30,0,1
dev,ui,26,55,0,0,1,enterprise,66,1,0
prod,payments,9,10,0,1,0,free,5,1,1
prod,notifications,14,31,1,0,0,free,9,0,1
prod,notifications,7,15,0,0,0,pro,23,1,1
staging,search,29,53,0,0,1,pro,78,0,0
dev,reporting,37,64,0,0,0,free,89,0,0
dev,payments,36,77,0,1,1,pro,39,0,0
prod,search,24,67,0,0,1,free,4,0,0
prod,payments,5,8,0,1,0,pro,1,0,1
dev,notifications,13,30,0,1,0,enterprise,77,0,1
prod,notifications,16,34,0,0,1,free,40,1,1
dev,integrations,16,39,0,0,0,free,6,0,0
staging,notifications,26,69,0,0,0,enterprise,75,0,1
prod,integrations,102,88,0,0,0,pro,47,0,1
dev,payments,55,43,0,0,0,enterprise,31,0,1
prod,integrations,9,16,0,0,1,free,40,1,0
prod,ui,48,70,0,0,0,enterprise,20,0,1
staging,search,46,81,0,0,1,free,83,0,0
staging,ui,10,23,1,1,0,free,70,0,0
staging,payments,57,150,1,0,1,free,17,0,1
staging,payments,20,28,0,0,1,pro,66,0,0
dev,payments,5,10,0,1,0,enterprise,16,0,1
dev,auth,38,33,0,0,1,pro,40,1,0
staging,search,30,50,0,0,0,pro,67,0,1
prod,notifications,19,8,1,0,1,free,3,0,0
staging,ui,23,37,0,0,1,free,65,0,0
dev,ui,11,18,0,0,0,free,20,0,0
prod,search,45,97,0,0,0,free,62,0,1
prod,search,23,45,0,0,1,free,44,0,0
prod,payments,28,35,0,1,1,enterprise,2,0,1
prod,notifications,35,14,0,0,0,pro,68,0,1
staging,payments,7,4,0,1,0,pro,23,1,1
prod,reporting,10,27,0,0,0,free,85,0,0
dev,reporting,2,5,0,1,1,free,75,0,0
dev,ui,43,50,1,0,1,free,17,0,0
dev,notifications,7,7,0,0,1,free,54,0,0
prod,payments,28,40,0,0,1,free,32,0,0
prod,notifications,35,71,0,0,1,free,54,1,1
staging,reporting,44,55,0,1,0,free,50,1,1
dev,notifications,7,3,0,0,1,pro,26,0,0
prod,ui,22,30,0,0,0,free,58,0,1
dev,notifications,130,133,0,0,1,free,23,0,0
prod,integrations,136,160,0,0,0,free,81,0,1
dev,search,65,51,0,0,1,free,85,1,0
prod,notifications,34,67,0,0,1,free,14,0,1
prod,reporting,8,13,0,0,1,free,65,0,0
staging,search,50,52,1,0,0,pro,83,1,1
prod,integrations,20,34,0,0,1,free,11,0,0
prod,search,42,66,0,0,0,enterprise,66,0,0
prod,ui,13,30,0,0,0,free,84,1,1
prod,auth,20,53,0,0,1,free,20,0,0
dev,payments,28,19,0,0,1,free,52,0,0
prod,notifications,31,78,0,0,0,free,71,0,0
staging,search,40,83,0,0,1,free,30,1,0
dev,search,13,26,0,0,0,enterprise,21,0,0
prod,payments,6,7,1,1,1,free,35,0,1
prod,search,124,151,0,0,1,pro,30,0,1
dev,notifications,295,121,0,0,1,free,65,1,0
dev,notifications,38,104,0,0,1,free,33,0,0
staging,auth,6,11,0,0,1,free,33,0,0
dev,ui,11,15,0,0,1,free,85,1,0
prod,search,40,68,0,0,0,free,52,0,0
prod,ui,93,46,0,0,0,enterprise,83,0,1
staging,search,7,5,0,0,1,pro,63,0,0
prod,search,21,39,1,0,0,enterprise,79,0,1
dev,search,29,47,1,0,1,free,17,0,0
staging,ui,58,132,0,0,0,pro,84,0,0
dev,ui,17,33,0,0,1,pro,84,0,0
prod,search,5,9,0,0,0,pro,3,0,1
prod,notifications,45,106,1,0,1,enterprise,32,1,1
prod,reporting,75,42,0,0,1,pro,37,0,1
prod,payments,22,45,0,1,0,enterprise,37,1,1
dev,notifications,36,76,0,0,1,pro,70,0,0
prod,notifications,15,15,0,0,0,free,62,0,0
prod,auth,10,8,0,0,1,pro,19,0,0
prod,ui,68,62,0,0,1,free,54,0,0
prod,payments,36,31,0,0,0,enterprise,87,0,1
dev,reporting,40,66,0,0,0,pro,39,0,0
prod,payments,110,79,0,1,0,free,83,1,1
dev,ui,8,15,0,0,0,free,58,0,0
prod,payments,14,9,1,1,1,free,83,0,1
staging,ui,28,13,0,0,0,free,81,0,0
prod,integrations,13,15,0,0,1,free,1,1,1
prod,search,53,45,0,1,1,pro,72,0,1
dev,notifications,20,55,0,0,1,pro,17,0,0
dev,integrations,9,10,1,0,1,pro,74,0,0
dev,notifications,26,24,0,0,0,free,72,0,0
prod,auth,29,25,1,0,1,free,23,0,0
prod,notifications,62,80,0,0,1,free,5,0,0
staging,auth,36,66,0,0,1,enterprise,37,0,1
prod,search,38,86,0,0,0,free,27,1,0
staging,notifications,33,42,0,0,0,free,49,0,0
staging,reporting,20,38,0,0,1,free,7,0,0
staging,ui,11,17,1,0,1,pro,3,0,0
dev,search,32,77,1,0,0,free,39,1,1
staging,notifications,17,30,0,0,1,pro,69,0,0
prod,reporting,132,144,1,0,0,pro,28,0,1
prod,search,93,194,1,0,1,pro,29,1,1
staging,notifications,46,108,0,0,0,free,14,0,0
prod,payments,35,53,0,0,0,free,25,0,1
prod,auth,22,60,0,0,0,free,26,0,0
prod,ui,6,15,0,0,0,free,23,0,0
dev,integrations,19,16,0,0,0,pro,30,0,0
dev,payments,27,61,1,1,0,free,25,0,0
staging,payments,30,55,0,0,0,free,61,0,0
prod,auth,39,65,0,0,1,free,30,0,1
prod,notifications,61,99,0,0,1,pro,67,1,0
staging,payments,12,29,0,0,1,free,54,0,0
prod,ui,12,22,0,0,0,pro,57,1,1
staging,integrations,104,175,0,0,0,free,52,0,0
staging,auth,53,27,0,0,1,enterprise,83,0,0
prod,ui,16,23,0,0,1,pro,23,1,1
prod,ui,22,56,0,0,1,free,88,0,0
prod,notifications,22,46,0,0,1,free,18,0,0
dev,payments,25,13,0,0,1,free,12,0,0
staging,search,39,98,0,0,1,free,74,0,0
prod,auth,309,736,0,0,0,free,80,0,0
dev,reporting,29,49,0,0,1,enterprise,8,1,0
prod,notifications,47,21,0,0,1,pro,53,0,0
prod,auth,4,6,0,0,1,free,46,0,0
dev,search,15,7,1,0,0,pro,19,0,0
prod,notifications,83,97,1,0,0,free,46,0,0
prod,auth,36,68,0,0,0,enterprise,61,0,1
staging,payments,1,2,0,1,0,free,51,0,0
prod,ui,48,60,0,0,1,pro,46,0,0
staging,payments,167,411,1,1,1,pro,79,0,1
prod,payments,3,7,0,0,0,free,20,0,1
prod,search,112,50,0,1,1,free,56,0,0
prod,payments,1,1,0,0,0,free,28,0,0
prod,ui,62,130,0,0,1,enterprise,87,0,0
prod,reporting,24,53,0,0,0,free,22,0,0
prod,ui,2,2,0,0,0,pro,78,0,0
dev,auth,38,75,0,0,1,pro,56,0,0
prod,notifications,77,143,0,0,1,pro,19,0,0
prod,auth,35,76,0,0,1,free,68,0,0
prod,reporting,44,93,0,0,0,free,21,1,1
prod,search,16,9,0,0,1,pro,23,1,1
prod,notifications,3,2,1,0,0,free,31,0,0
staging,payments,49,35,0,1,0,enterprise,61,1,1
prod,payments,141,371,1,0,1,free,35,0,1
dev,search,75,194,0,1,1,free,51,0,0
dev,auth,3,6,1,0,1,pro,49,0,0
prod,payments,5,3,0,1,0,free,17,0,1
prod,reporting,10,17,0,0,1,free,20,0,0
prod,notifications,4,3,0,0,0,free,27,1,0
staging,auth,25,32,1,0,1,free,20,0,1
prod,notifications,36,37,1,0,1,pro,82,0,0
dev,notifications,5,11,0,0,1,free,34,0,0
dev,notifications,53,39,0,0,1,free,36,0,0
dev,reporting,44,85,0,0,1,free,60,1,0
staging,ui,14,38,0,0,0,enterprise,70,0,0
dev,ui,20,40,0,0,1,free,61,0,0
prod,ui,3,1,0,0,1,enterprise,49,0,0
prod,integrations,17,43,0,0,0,enterprise,87,0,0
prod,auth,24,46,0,0,0,free,80,0,0
dev,payments,29,43,1,1,0,pro,18,0,0
staging,auth,35,69,0,0,1,pro,14,0,0
dev,integrations,31,77,0,0,1,free,35,0,0
prod,search,18,27,0,0,1,free,75,0,0
dev,ui,32,53,0,1,0,pro,86,0,0
prod,notifications,66,98,0,0,0,pro,63,0,0
prod,integrations,22,12,0,0,0,pro,62,1,0
dev,auth,33,75,0,0,0,enterprise,21,0,0
prod,notifications,20,14,0,0,0,free,53,0,0
prod,notifications,12,16,0,0,0,pro,16,1,0
staging,auth,41,54,0,0,0,enterprise,48,0,0
prod,reporting,14,15,0,0,0,free,17,1,1
prod,payments,36,49,0,1,1,free,6,0,1
prod,ui,25,47,0,1,0,free,87,1,1
prod,ui,18,20,0,0,0,enterprise,80,0,1
dev,payments,17,13,0,1,1,free,61,1,0
staging,auth,14,34,0,0,1,pro,56,0,0
prod,auth,4,10,0,0,1,free,21,0,1
prod,auth,35,52,0,1,1,free,51,0,1
prod,ui,30,35,0,0,1,pro,67,0,0
staging,payments,57,29,0,0,1,free,48,0,0
dev,payments,14,6,0,1,1,enterprise,25,1,1
dev,reporting,163,218,0,0,0,free,35,0,0
prod,reporting,16,42,0,0,1,enterprise,75,0,1
prod,ui,10,21,0,0,0,free,22,0,0
prod,integrations,9,11,0,0,0,enterprise,86,0,0
staging,search,4,10,0,0,0,pro,67,1,0
prod,notifications,113,161,0,1,0,free,80,0,1
staging,auth,96,102,0,0,0,free,45,0,0
staging,reporting,44,62,0,0,1,free,20,0,0
prod,integrations,10,9,0,0,0,pro,3,0,1
prod,notifications,150,378,0,0,0,pro,48,0,1
prod,ui,17,21,0,0,0,free,35,0,0
prod,ui,18,35,1,0,0,free,10,0,1
prod,payments,103,137,0,1,1,pro,83,1,1
staging,ui,47,120,1,0,0,free,87,0,1
prod,reporting,221,429,0,0,0,pro,33,0,0
prod,integrations,31,48,0,0,0,free,60,0,0
staging,search,16,11,0,0,0,pro,37,0,0
dev,auth,13,33,0,0,0,enterprise,44,0,0
prod,ui,3,5,0,0,0,free,56,0,0
dev,auth,18,19,0,0,1,free,37,0,0
dev,payments,77,193,1,1,1,free,72,0,0
staging,payments,44,23,0,1,1,pro,17,0,1
staging,reporting,25,28,0,0,0,free,60,0,0
prod,payments,9,15,0,0,0,enterprise,88,0,1
dev,auth,30,36,0,1,1,pro,76,0,0
prod,auth,67,103,0,0,0,free,4,0,1
dev,notifications,37,38,0,0,1,pro,10,0,0
staging,reporting,28,19,0,0,0,free,56,0,0
prod,auth,11,5,0,0,0,pro,83,0,0
prod,auth,58,45,0,0,0,free,75,0,0
staging,ui,1,2,0,0,1,pro,81,0,0
staging,payments,35,62,0,1,1,enterprise,13,0,1
prod,ui,320,503,0,0,1,pro,46,0,0
staging,search,5,6,1,0,0,enterprise,65,0,0
dev,integrations,19,39,0,0,1,free,56,0,0
prod,payments,24,17,0,1,0,pro,69,0,1
prod,ui,15,15,1,0,0,pro,19,0,0
prod,auth,69,136,0,0,1,pro,41,0,1
dev,integrations,39,60,1,0,1,free,40,0,0
prod,integrations,28,62,0,0,0,free,84,0,0
dev,reporting,54,137,0,0,0,pro,18,0,0
prod,search,24,57,0,0,0,free,29,0,1
staging,payments,589,495,0,1,0,pro,1,0,1
prod,notifications,28,17,0,0,0,pro,13,0,0
prod,reporting,29,23,0,0,1,enterprise,88,1,0
dev,payments,4,9,0,1,0,free,76,0,0
prod,search,14,36,0,0,1,enterprise,23,0,1
staging,search,77,201,0,1,0,free,63,0,0
dev,notifications,6,6,0,0,0,free,53,1,0
dev,reporting,2,4,0,0,0,pro,81,0,0
dev,ui,25,42,1,0,0,free,27,0,1
prod,ui,96,227,0,0,0,free,89,0,0
staging,payments,25,42,0,0,1,free,33,0,0
dev,search,17,12,0,0,1,free,64,0,0
prod,auth,3,1,0,0,0,pro,35,0,1
prod,notifications,38,102,0,0,1,free,60,0,0
dev,search,47,66,1,0,1,free,30,0,0
prod,search,4,4,0,0,0,pro,75,0,0
staging,payments,76,95,0,1,1,free,57,0,1
dev,payments,52,68,1,1,1,pro,25,0,1
staging,ui,76,202,0,1,1,enterprise,86,0,0
prod,payments,43,23,0,0,1,pro,63,1,1
prod,auth,47,32,0,0,1,enterprise,38,0,1
prod,reporting,41,94,0,0,0,free,12,1,1
prod,search,58,99,0,0,1,pro,87,0,0
dev,search,3,2,0,0,1,free,67,0,0
dev,search,5,2,0,0,0,free,60,0,0
prod,notifications,11,10,0,0,1,pro,74,0,0
prod,payments,21,21,0,1,0,free,54,0,1
dev,reporting,36,15,0,0,0,enterprise,20,0,1
prod,integrations,33,30,1,0,1,pro,21,0,1
staging,ui,74,160,0,0,1,enterprise,7,0,0
prod,search,77,188,1,0,1,free,5,1,1
staging,reporting,10,25,0,0,1,free,65,0,0
prod,search,31,41,0,0,0,pro,76,0,0
staging,search,10,11,0,0,1,free,14,0,0
prod,ui,20,55,0,0,1,free,51,0,0
staging,payments,33,74,0,1,1,pro,11,0,0
prod,auth,1,1,1,0,0,enterprise,37,0,1
prod,search,273,276,0,0,0,pro,71,0,0
staging,auth,43,50,0,0,1,free,73,1,0
prod,search,13,21,0,0,0,free,85,0,0
prod,ui,168,285,1,0,0,pro,27,0,1
prod,integrations,17,7,0,0,1,free,85,0,0
prod,auth,28,75,0,0,1,free,70,0,0
prod,ui,15,26,0,0,1,free,30,0,0
dev,search,127,230,1,1,1,free,29,0,0
prod,auth,22,19,0,0,1,free,9,0,0
dev,payments,28,62,0,1,0,free,82,1,1
dev,auth,81,175,0,0,1,pro,18,0,0
prod,payments,44,27,0,1,1,free,24,1,1
staging,payments,23,42,1,0,1,pro,37,0,1
dev,search,74,146,0,0,0,free,12,0,0
staging,ui,310,745,0,0,0,enterprise,72,0,1
prod,auth,33,29,1,0,1,free,62,0,1
prod,auth,27,67,1,0,1,free,14,1,1
prod,auth,29,43,1,0,0,free,14,0,1
staging,ui,90,56,1,0,1,free,1,0,1
dev,payments,13,8,0,1,1,free,85,1,0
dev,ui,18,15,1,1,0,pro,39,0,0
prod,payments,5,5,1,0,1,enterprise,58,0,1
staging,auth,7,11,0,0,1,free,13,0,0
prod,integrations,14,30,0,0,0,free,20,0,0
dev,auth,23,19,0,0,0,pro,48,0,0
prod,auth,143,397,0,0,0,pro,18,1,1
dev,auth,41,32,0,0,1,free,55,0,0
dev,integrations,9,16,0,0,0,pro,83,0,0
prod,ui,11,28,0,0,0,free,27,0,0
prod,ui,97,232,0,1,0,pro,54,0,1
dev,integrations,75,146,0,0,1,free,82,0,0
prod,auth,25,52,1,0,1,free,80,0,1
staging,integrations,15,10,0,0,0,free,0,1,0
dev,payments,75,31,0,1,1,pro,9,0,0
staging,ui,9,12,0,0,0,free,88,0,0
prod,search,36,22,1,0,0,pro,83,1,1
prod,search,238,299,1,0,0,pro,28,0,1
prod,integrations,30,28,0,0,1,pro,46,0,0
dev,auth,11,28,0,0,1,free,51,1,0
prod,integrations,36,90,0,0,0,free,60,0,0
prod,search,15,35,0,0,1,free,67,0,0
prod,ui,6,12,0,1,1,pro,33,0,0
dev,integrations,49,37,0,0,1,enterprise,80,0,0
prod,auth,75,38,0,0,1,free,5,1,1
dev,integrations,17,33,0,0,1,enterprise,2,0,0
staging,ui,16,31,0,0,0,free,86,1,0
dev,reporting,9,11,0,0,0,free,15,0,0
dev,auth,21,32,0,0,1,free,89,0,0
dev,ui,13,20,0,0,1,pro,25,0,0
dev,ui,8,7,0,0,0,free,32,1,0
prod,search,162,186,0,0,1,free,2,1,1
dev,auth,39,54,1,0,1,pro,84,0,0
staging,payments,43,79,0,1,1,free,32,1,1
staging,notifications,59,158,0,0,1,free,15,0,0
dev,auth,53,89,0,0,0,free,43,0,0
dev,reporting,16,34,0,0,1,free,13,0,0
staging,integrations,32,74,1,0,1,free,71,1,0
prod,auth,18,12,0,0,0,free,6,0,1
prod,auth,38,74,0,0,0,pro,44,0,1
prod,ui,34,52,0,0,1,free,35,1,1
prod,auth,16,28,0,0,0,pro,3,0,1
prod,ui,6,2,1,0,0,free,4,0,1
prod,reporting,28,72,0,0,0,free,46,0,1
prod,ui,19,51,0,0,0,free,35,0,0
dev,search,3,1,0,0,0,free,11,0,0
prod,reporting,40,36,0,0,1,free,12,0,0
dev,ui,64,53,0,0,1,free,72,1,0
staging,payments,307,698,1,1,1,enterprise,65,0,1
prod,ui,16,29,0,0,0,pro,54,0,1
prod,notifications,14,11,0,0,0,free,75,1,1
prod,ui,8,18,1,0,0,pro,6,0,1
dev,search,30,37,0,0,1,pro,61,1,0
prod,payments,30,45,0,1,1,pro,67,0,0
staging,auth,10,13,0,0,0,free,18,1,0
dev,payments,20,33,0,1,1,free,48,0,0
dev,auth,3,4,0,0,0,free,69,0,0
prod,integrations,61,64,0,0,0,free,54,0,1
prod,payments,11,15,0,1,1,free,22,1,1
prod,notifications,23,59,1,0,0,enterprise,59,1,1
prod,auth,5,8,0,1,1,enterprise,68,0,1
prod,payments,13,33,0,0,0,free,0,0,1
staging,search,18,30,1,0,1,free,51,0,0
dev,payments,24,53,0,0,0,free,45,0,0
staging,notifications,39,43,0,0,0,free,33,1,0
staging,integrations,103,236,0,1,0,pro,3,0,1
prod,notifications,51,52,0,0,1,free,7,0,1
dev,auth,64,28,0,1,1,pro,67,1,0
staging,reporting,104,81,0,0,1,enterprise,74,0,0
dev,auth,43,19,0,0,0,pro,37,0,0
dev,integrations,23,61,0,0,0,pro,84,0,0
prod,ui,67,187,0,0,0,free,83,0,1
prod,payments,71,158,0,1,1,free,59,0,1
prod,auth,46,30,0,0,0,free,52,0,1
prod,auth,5,12,0,0,0,pro,86,0,0
dev,payments,10,21,0,1,1,free,54,0,0
prod,integrations,18,21,0,0,1,pro,84,0,0
dev,notifications,53,85,1,0,0,free,88,0,0
staging,integrations,24,47,1,0,0,free,17,0,0
prod,auth,76,34,0,0,0,free,59,0,0
prod,ui,91,145,1,0,1,enterprise,65,0,1
staging,payments,81,174,1,0,0,free,73,0,1
staging,ui,81,68,0,0,1,free,31,0,0
prod,payments,8,11,0,1,0,free,77,0,1
prod,payments,39,65,0,1,1,pro,43,0,1
staging,ui,13,28,0,0,1,enterprise,34,0,1
prod,payments,4,10,0,1,0,free,14,0,0
dev,search,18,43,0,0,0,enterprise,28,0,0
prod,ui,92,174,0,0,0,free,87,0,1
prod,auth,38,68,0,0,1,pro,64,0,0
prod,integrations,184,339,1,0,0,free,65,0,0
staging,ui,29,49,0,0,1,free,80,1,0
staging,notifications,283,153,0,0,0,pro,24,0,0
prod,ui,29,60,0,0,0,free,59,0,0
dev,reporting,25,52,0,0,1,free,33,0,0
prod,reporting,6,9,0,0,1,pro,76,0,0
prod,notifications,74,184,0,0,1,enterprise,38,0,1
prod,ui,14,28,0,0,1,free,76,1,0
prod,payments,12,15,0,1,1,pro,67,0,1
staging,auth,88,39,0,0,0,pro,69,0,0
prod,ui,78,42,0,0,1,free,83,1,0
staging,auth,76,94,0,0,1,enterprise,71,0,0
prod,payments,17,25,0,0,1,free,28,0,0
dev,auth,23,18,0,0,1,pro,46,0,0
prod,ui,23,19,0,0,0,free,42,0,0
dev,auth,53,50,0,0,1,free,5,1,0
prod,ui,115,261,0,0,1,free,53,0,0
prod,notifications,35,78,0,0,0,free,39,1,1
dev,notifications,176,232,0,0,1,enterprise,35,0,0
staging,payments,60,48,0,1,0,enterprise,9,0,1
dev,ui,19,12,0,0,0,free,45,0,0
prod,ui,56,34,0,0,0,free,52,0,0
staging,search,135,180,0,0,1,free,9,0,1
dev,ui,180,91,0,0,1,free,57,0,0
staging,payments,80,96,0,0,0,free,15,0,1
prod,integrations,25,67,0,0,0,enterprise,13,0,1
staging,auth,19,30,0,0,1,pro,36,1,0
